parameter,mu_star,sigma,mu
DVSEND,4041859.453136849,5507698.924563113,4041859.453136849
AMAXTB200,1949097.9404699944,3289961.175205852,1949097.9404699944
TMPFTB035,1830538.2170758033,3203431.222073748,1830538.2170758033
AMAXTB082,1524820.619318399,2799335.9257158223,1524759.2633721104
TMPFTB020,1408242.3248873164,2417443.046163687,1408242.3248873164
TDWI,1098731.253238681,2736073.1900334954,1031720.875668769
SLATB100,1075395.6105075222,2022307.5166983095,1075348.6030206927
SPAN,995013.7111211888,2206475.728249028,993984.5409233271
CVO,967541.2039315482,1982274.5561219675,967541.2039315482
TSUM2,903373.9616556225,1726922.6894768267,871494.8401241642
TSUM1,823305.408648599,1722038.6963883503,417919.2187352621
IDSL,785256.0341598133,2846162.0960347755,-732306.3536224768
RFSETB200,590604.4497267193,1178983.2296575194,-590604.4497267193
SLATB000,493382.86904734385,1180021.8558470474,421288.3117550216
SLATB200,451747.27909845684,1009621.304097629,451734.48853560776
RML,391586.62949048483,677373.1493934428,-391586.62949048483
RMO,366477.5235550983,892030.5976345375,-366477.5235550983
SLATB064,267046.8239952474,692399.2274112604,246127.56629762903
RMS,229751.17079827728,427004.7617764038,-229751.17079827728
TBASE,214787.2516523725,548463.8689279861,191344.90683440352
DLC,209400.96089095547,963858.5673755972,-192686.2984433026
AMAXTB014,205168.73289912773,535120.6377184789,145089.13511978416
RFSETB000,178440.65687317707,394875.23780486983,-178258.40157434923
CVL,133905.7431370817,269334.1675818425,131469.85323458794
RMR,122127.31661721828,305932.82784399734,-122127.31661721828
SLATB029,97061.96922909531,245657.8587568475,66982.87594682176
CVS,68799.77624738925,159234.92555747516,68706.1369651744
RRI,62741.97762161858,300789.4735409831,62169.174576953905
TBASEM,60463.02030989188,133992.64789281882,-4918.560926977475
SLATB021,60263.727834656835,152426.22155470308,31708.435032349716
AMAXTB000,47631.32147465415,120184.3409170718,24657.217407138625
TSUMEM,45521.67743936665,126552.9868182807,-6792.886155808238
IAIRDU,42091.65882578643,248252.22842073368,41350.95562973005
TEFFMX,34180.16263810556,99428.02236304634,-174.95095596682452
IOX,32533.180208600646,211848.77174687793,-32177.885330337016
RDI,30751.588442490993,180741.19915410847,24812.62498495293
RGRLAI,25817.88546480816,173368.7082874769,24751.026055070008
CVR,23084.270742125176,88165.31068143032,19154.143544683375
RDMCR,18803.69620329836,149885.92544958147,18797.739715078707
DEPNR,18513.402260553405,87929.47987916089,18045.524922305893
CFET,18238.10753610639,107108.08828601749,-17307.190540764543
Q10,17587.672029243797,44254.87659537195,-9426.279349769427
DLO,16715.40272100771,101568.03887780654,706.6319415055211
PERDL,7445.748600621515,61026.21659703498,-7046.5671723141795
TMPFTB008,1364.170020932232,4735.396346160372,1111.2742710209081
DVSI,0.0,0.0,0.0
EFFTB000,0.0,0.0,0.0
EFFTB040,0.0,0.0,0.0
SLATB,0.0,0.0,0.0
TMPFTB000,0.0,0.0,0.0
TMPFTB045,0.0,0.0,0.0
