point_id,cluster_id,year,dyield_obs,dyield_sim,error,abs_error,r2,bias
4125753,3.0,2015,2711.066666666796,2690.4356497446674,-20.631016922128765,20.631016922128765,-15.29538577305479,538.7924317060699
4125753,3.0,2016,3066.4313296904634,7887.730133736531,4821.298804046068,4821.298804046068,-15.29538577305479,538.7924317060699
4125753,3.0,2017,3019.1154337900584,2781.9949626138687,-237.12047117618977,237.12047117618977,-15.29538577305479,538.7924317060699
4125753,3.0,2018,2414.502648401917,1545.1949690506785,-869.3076793512387,869.3076793512387,-15.29538577305479,538.7924317060699
4125753,3.0,2019,2951.1775342466394,2390.4250708879995,-560.75246335864,560.75246335864,-15.29538577305479,538.7924317060699
4125753,3.0,2020,3422.542805100233,3032.011969809873,-390.5308352903603,390.5308352903603,-15.29538577305479,538.7924317060699
4125753,3.0,2021,2118.3136073059745,2847.3879725441257,729.0743652381511,729.0743652381511,-15.29538577305479,538.7924317060699
4125753,3.0,2022,2189.6624657534508,2697.7175361727946,508.0550704193438,508.0550704193438,-15.29538577305479,538.7924317060699
4125753,3.0,2023,3310.890776255721,2117.679239010827,-1193.2115372448939,1193.2115372448939,-15.29538577305479,538.7924317060699
4125753,3.0,2024,3350.0,5951.050080700587,2601.0500807005874,2601.0500807005874,-15.29538577305479,538.7924317060699
