point_id,year,dyield_obs,dyield_sim,error,abs_error,r2,bias
4114401,2016,3939.4000000000265,0.0,-3939.4000000000265,3939.4000000000265,-23.948434797574485,-3460.8977777778186
4114401,2017,4260.100000000023,0.0,-4260.100000000023,4260.100000000023,-23.948434797574485,-3460.8977777778186
4114401,2018,3919.80000000002,0.0,-3919.80000000002,3919.80000000002,-23.948434797574485,-3460.8977777778186
4114401,2019,3906.5000000000164,0.0,-3906.5000000000164,3906.5000000000164,-23.948434797574485,-3460.8977777778186
4114401,2020,4243.200000000014,0.0,-4243.200000000014,4243.200000000014,-23.948434797574485,-3460.8977777778186
4114401,2021,3939.9000000000115,0.0,-3939.9000000000115,3939.9000000000115,-23.948434797574485,-3460.8977777778186
4114401,2022,3330.6000000000104,0.0,-3330.6000000000104,3330.6000000000104,-23.948434797574485,-3460.8977777778186
4114401,2023,4454.300000000005,0.0,-4454.300000000005,4454.300000000005,-23.948434797574485,-3460.8977777778186
4114401,2024,4080.0,0.0,-4080.0,4080.0,-23.948434797574485,-3460.8977777778186
4109658,2016,3361.066666666724,0.0,-3361.066666666724,3361.066666666724,-23.948434797574485,-3460.8977777778186
4109658,2017,3817.1833333333852,0.0,-3817.1833333333852,3817.1833333333852,-23.948434797574485,-3460.8977777778186
4109658,2018,3776.300000000044,0.0,-3776.300000000044,3776.300000000044,-23.948434797574485,-3460.8977777778186
4109658,2019,3415.4166666667043,0.0,-3415.4166666667043,3415.4166666667043,-23.948434797574485,-3460.8977777778186
4109658,2020,3550.533333333362,0.0,-3550.533333333362,3550.533333333362,-23.948434797574485,-3460.8977777778186
4109658,2021,3657.650000000023,0.0,-3657.650000000023,3657.650000000023,-23.948434797574485,-3460.8977777778186
4109658,2022,2731.7666666666805,0.0,-2731.7666666666805,2731.7666666666805,-23.948434797574485,-3460.8977777778186
4109658,2023,3980.883333333339,0.0,-3980.883333333339,3980.883333333339,-23.948434797574485,-3460.8977777778186
4109658,2024,3700.0,0.0,-3700.0,3700.0,-23.948434797574485,-3460.8977777778186
4107405,2016,2733.0666666668258,0.0,-2733.0666666668258,2733.0666666668258,-23.948434797574485,-3460.8977777778186
4107405,2017,3161.43333333348,0.0,-3161.43333333348,3161.43333333348,-23.948434797574485,-3460.8977777778186
4107405,2018,3409.8000000001193,0.0,-3409.8000000001193,3409.8000000001193,-23.948434797574485,-3460.8977777778186
4107405,2019,3078.166666666773,0.0,-3078.166666666773,3078.166666666773,-23.948434797574485,-3460.8977777778186
4107405,2020,3699.5333333334133,0.0,-3699.5333333334133,3699.5333333334133,-23.948434797574485,-3460.8977777778186
4107405,2021,3754.9000000000524,0.0,-3754.9000000000524,3754.9000000000524,-23.948434797574485,-3460.8977777778186
4107405,2022,803.2666666667064,0.0,-803.2666666667064,803.2666666667064,-23.948434797574485,-3460.8977777778186
4107405,2023,3837.6333333333464,0.0,-3837.6333333333464,3837.6333333333464,-23.948434797574485,-3460.8977777778186
4107405,2024,3360.0,0.0,-3360.0,3360.0,-23.948434797574485,-3460.8977777778186
4120358,2016,3224.933333333429,0.0,-3224.933333333429,3224.933333333429,-23.948434797574485,-3460.8977777778186
4120358,2017,3680.066666666753,0.0,-3680.066666666753,3680.066666666753,-23.948434797574485,-3460.8977777778186
4120358,2018,2947.2000000000767,0.0,-2947.2000000000767,2947.2000000000767,-23.948434797574485,-3460.8977777778186
4120358,2019,3244.333333333394,0.0,-3244.333333333394,3244.333333333394,-23.948434797574485,-3460.8977777778186
4120358,2020,4204.466666666718,0.0,-4204.466666666718,4204.466666666718,-23.948434797574485,-3460.8977777778186
4120358,2021,3937.600000000042,0.0,-3937.600000000042,3937.600000000042,-23.948434797574485,-3460.8977777778186
4120358,2022,826.733333333359,0.0,-826.733333333359,826.733333333359,-23.948434797574485,-3460.8977777778186
4120358,2023,3875.8666666666836,0.0,-3875.8666666666836,3875.8666666666836,-23.948434797574485,-3460.8977777778186
4120358,2024,3965.0,0.0,-3965.0,3965.0,-23.948434797574485,-3460.8977777778186
4122156,2016,3625.0666666666802,0.0,-3625.0666666666802,3625.0666666666802,-23.948434797574485,-3460.8977777778186
4122156,2017,4054.433333333349,0.0,-4054.433333333349,4054.433333333349,-23.948434797574485,-3460.8977777778186
4122156,2018,3903.8000000000025,0.0,-3903.8000000000025,3903.8000000000025,-23.948434797574485,-3460.8977777778186
4122156,2019,3713.1666666666715,0.0,-3713.1666666666715,3713.1666666666715,-23.948434797574485,-3460.8977777778186
4122156,2020,4170.53333333334,0.0,-4170.53333333334,4170.53333333334,-23.948434797574485,-3460.8977777778186
4122156,2021,3623.899999999995,0.0,-3623.899999999995,3623.899999999995,-23.948434797574485,-3460.8977777778186
4122156,2022,3701.266666666663,0.0,-3701.266666666663,3701.266666666663,-23.948434797574485,-3460.8977777778186
4122156,2023,4140.633333333331,0.0,-4140.633333333331,4140.633333333331,-23.948434797574485,-3460.8977777778186
4122156,2024,3684.0,0.0,-3684.0,3684.0,-23.948434797574485,-3460.8977777778186
4117602,2016,3234.6666666667443,0.0,-3234.6666666667443,3234.6666666667443,-23.948434797574485,-3460.8977777778186
4117602,2017,3542.8333333334003,0.0,-3542.8333333334003,3542.8333333334003,-23.948434797574485,-3460.8977777778186
4117602,2018,3421.000000000058,0.0,-3421.000000000058,3421.000000000058,-23.948434797574485,-3460.8977777778186
4117602,2019,3559.1666666667156,0.0,-3559.1666666667156,3559.1666666667156,-23.948434797574485,-3460.8977777778186
4117602,2020,3817.333333333372,0.0,-3817.333333333372,3817.333333333372,-23.948434797574485,-3460.8977777778186
4117602,2021,3575.5000000000286,0.0,-3575.5000000000286,3575.5000000000286,-23.948434797574485,-3460.8977777778186
4117602,2022,3683.666666666686,0.0,-3683.666666666686,3683.666666666686,-23.948434797574485,-3460.8977777778186
4117602,2023,3541.833333333343,0.0,-3541.833333333343,3541.833333333343,-23.948434797574485,-3460.8977777778186
4117602,2024,3100.0,0.0,-3100.0,3100.0,-23.948434797574485,-3460.8977777778186
4106506,2016,2998.000000000109,0.0,-2998.000000000109,2998.000000000109,-23.948434797574485,-3460.8977777778186
4106506,2017,3874.0000000000946,0.0,-3874.0000000000946,3874.0000000000946,-23.948434797574485,-3460.8977777778186
4106506,2018,3592.0000000000796,0.0,-3592.0000000000796,3592.0000000000796,-23.948434797574485,-3460.8977777778186
4106506,2019,3110.000000000065,0.0,-3110.000000000065,3110.000000000065,-23.948434797574485,-3460.8977777778186
4106506,2020,3524.000000000051,0.0,-3524.000000000051,3524.000000000051,-23.948434797574485,-3460.8977777778186
4106506,2021,3635.000000000044,0.0,-3635.000000000044,3635.000000000044,-23.948434797574485,-3460.8977777778186
4106506,2022,1718.000000000029,0.0,-1718.000000000029,1718.000000000029,-23.948434797574485,-3460.8977777778186
4106506,2023,3899.000000000014,0.0,-3899.000000000014,3899.000000000014,-23.948434797574485,-3460.8977777778186
4106506,2024,3785.0,0.0,-3785.0,3785.0,-23.948434797574485,-3460.8977777778186
4121752,2016,3671.466666666718,0.0,-3671.466666666718,3671.466666666718,-23.948434797574485,-3460.8977777778186
4121752,2017,4290.0333333333765,0.0,-4290.0333333333765,4290.0333333333765,-23.948434797574485,-3460.8977777778186
4121752,2018,3948.600000000042,0.0,-3948.600000000042,3948.600000000042,-23.948434797574485,-3460.8977777778186
4121752,2019,3907.1666666667,0.0,-3907.1666666667,3907.1666666667,-23.948434797574485,-3460.8977777778186
4121752,2020,4185.733333333358,0.0,-4185.733333333358,4185.733333333358,-23.948434797574485,-3460.8977777778186
4121752,2021,3964.300000000018,0.0,-3964.300000000018,3964.300000000018,-23.948434797574485,-3460.8977777778186
4121752,2022,3515.8666666666836,0.0,-3515.8666666666836,3515.8666666666836,-23.948434797574485,-3460.8977777778186
4121752,2023,4121.433333333342,0.0,-4121.433333333342,4121.433333333342,-23.948434797574485,-3460.8977777778186
4121752,2024,4000.0,0.0,-4000.0,4000.0,-23.948434797574485,-3460.8977777778186
4108403,2016,3006.7333333334536,0.0,-3006.7333333334536,3006.7333333334536,-23.948434797574485,-3460.8977777778186
4108403,2017,3359.766666666772,0.0,-3359.766666666772,3359.766666666772,-23.948434797574485,-3460.8977777778186
4108403,2018,3679.8000000000907,0.0,-3679.8000000000907,3679.8000000000907,-23.948434797574485,-3460.8977777778186
4108403,2019,3199.833333333409,0.0,-3199.833333333409,3199.833333333409,-23.948434797574485,-3460.8977777778186
4108403,2020,3669.8666666667264,0.0,-3669.8666666667264,3669.8666666667264,-23.948434797574485,-3460.8977777778186
4108403,2021,3996.9000000000447,0.0,-3996.9000000000447,3996.9000000000447,-23.948434797574485,-3460.8977777778186
4108403,2022,1565.9333333333632,0.0,-1565.9333333333632,1565.9333333333632,-23.948434797574485,-3460.8977777778186
4108403,2023,4138.966666666681,0.0,-4138.966666666681,4138.966666666681,-23.948434797574485,-3460.8977777778186
4108403,2024,3280.0,0.0,-3280.0,3280.0,-23.948434797574485,-3460.8977777778186
4103024,2016,3020.200000000088,0.0,-3020.200000000088,3020.200000000088,-23.948434797574485,-3460.8977777778186
4103024,2017,3717.550000000078,0.0,-3717.550000000078,3717.550000000078,-23.948434797574485,-3460.8977777778186
4103024,2018,3597.9000000000665,0.0,-3597.9000000000665,3597.9000000000665,-23.948434797574485,-3460.8977777778186
4103024,2019,2498.250000000055,0.0,-2498.250000000055,2498.250000000055,-23.948434797574485,-3460.8977777778186
4103024,2020,3821.600000000044,0.0,-3821.600000000044,3821.600000000044,-23.948434797574485,-3460.8977777778186
4103024,2021,3936.950000000033,0.0,-3936.950000000033,3936.950000000033,-23.948434797574485,-3460.8977777778186
4103024,2022,1022.3000000000227,0.0,-1022.3000000000227,1022.3000000000227,-23.948434797574485,-3460.8977777778186
4103024,2023,4388.65000000001,0.0,-4388.65000000001,4388.65000000001,-23.948434797574485,-3460.8977777778186
4103024,2024,3445.0,0.0,-3445.0,3445.0,-23.948434797574485,-3460.8977777778186
4125209,2016,2933.933333333436,0.0,-2933.933333333436,2933.933333333436,-23.948434797574485,-3460.8977777778186
4125209,2017,3226.566666666768,0.0,-3226.566666666768,3226.566666666768,-23.948434797574485,-3460.8977777778186
4125209,2018,3294.2000000000703,0.0,-3294.2000000000703,3294.2000000000703,-23.948434797574485,-3460.8977777778186
4125209,2019,2181.8333333334012,0.0,-2181.8333333334012,2181.8333333334012,-23.948434797574485,-3460.8977777778186
4125209,2020,3579.466666666732,0.0,-3579.466666666732,3579.466666666732,-23.948434797574485,-3460.8977777778186
4125209,2021,3597.100000000035,0.0,-3597.100000000035,3597.100000000035,-23.948434797574485,-3460.8977777778186
4125209,2022,670.7333333333663,0.0,-670.7333333333663,670.7333333333663,-23.948434797574485,-3460.8977777778186
4125209,2023,4322.366666666669,0.0,-4322.366666666669,4322.366666666669,-23.948434797574485,-3460.8977777778186
4125209,2024,3070.0,0.0,-3070.0,3070.0,-23.948434797574485,-3460.8977777778186
4102752,2016,2820.6000000001513,0.0,-2820.6000000001513,2820.6000000001513,-23.948434797574485,-3460.8977777778186
4102752,2017,2916.9000000001397,0.0,-2916.9000000001397,2916.9000000001397,-23.948434797574485,-3460.8977777778186
4102752,2018,3200.200000000098,0.0,-3200.200000000098,3200.200000000098,-23.948434797574485,-3460.8977777778186
4102752,2019,2573.5000000000873,0.0,-2573.5000000000873,2573.5000000000873,-23.948434797574485,-3460.8977777778186
4102752,2020,3666.800000000075,0.0,-3666.800000000075,3666.800000000075,-23.948434797574485,-3460.8977777778186
4102752,2021,3650.1000000000645,0.0,-3650.1000000000645,3650.1000000000645,-23.948434797574485,-3460.8977777778186
4102752,2022,553.4000000000233,0.0,-553.4000000000233,553.4000000000233,-23.948434797574485,-3460.8977777778186
4102752,2023,3816.7000000000116,0.0,-3816.7000000000116,3816.7000000000116,-23.948434797574485,-3460.8977777778186
4102752,2024,3200.0,0.0,-3200.0,3200.0,-23.948434797574485,-3460.8977777778186
4124400,2016,3200.4666666667617,0.0,-3200.4666666667617,3200.4666666667617,-23.948434797574485,-3460.8977777778186
4124400,2017,3636.7833333334133,0.0,-3636.7833333334133,3636.7833333334133,-23.948434797574485,-3460.8977777778186
4124400,2018,3360.1000000000713,0.0,-3360.1000000000713,3360.1000000000713,-23.948434797574485,-3460.8977777778186
4124400,2019,2913.4166666667234,0.0,-2913.4166666667234,2913.4166666667234,-23.948434797574485,-3460.8977777778186
4124400,2020,4202.733333333382,0.0,-4202.733333333382,4202.733333333382,-23.948434797574485,-3460.8977777778186
4124400,2021,4030.0500000000397,0.0,-4030.0500000000397,4030.0500000000397,-23.948434797574485,-3460.8977777778186
4124400,2022,853.3666666666905,0.0,-853.3666666666905,853.3666666666905,-23.948434797574485,-3460.8977777778186
4124400,2023,3869.683333333349,0.0,-3869.683333333349,3869.683333333349,-23.948434797574485,-3460.8977777778186
4124400,2024,4000.0,0.0,-4000.0,4000.0,-23.948434797574485,-3460.8977777778186
4109757,2016,3290.0000000000146,0.0,-3290.0000000000146,3290.0000000000146,-23.948434797574485,-3460.8977777778186
4109757,2017,3363.500000000014,0.0,-3363.500000000014,3363.500000000014,-23.948434797574485,-3460.8977777778186
4109757,2018,3380.000000000014,0.0,-3380.000000000014,3380.000000000014,-23.948434797574485,-3460.8977777778186
4109757,2019,2502.500000000007,0.0,-2502.500000000007,2502.500000000007,-23.948434797574485,-3460.8977777778186
4109757,2020,4118.000000000007,0.0,-4118.000000000007,4118.000000000007,-23.948434797574485,-3460.8977777778186
4109757,2021,3341.5000000000077,0.0,-3341.5000000000077,3341.5000000000077,-23.948434797574485,-3460.8977777778186
4109757,2022,2961.0,0.0,-2961.0,2961.0,-23.948434797574485,-3460.8977777778186
4109757,2023,3328.5,0.0,-3328.5,3328.5,-23.948434797574485,-3460.8977777778186
4109757,2024,3316.0,0.0,-3316.0,3316.0,-23.948434797574485,-3460.8977777778186
4128609,2016,3242.8000000000175,0.0,-3242.8000000000175,3242.8000000000175,-23.948434797574485,-3460.8977777778186
4128609,2017,4203.700000000012,0.0,-4203.700000000012,4203.700000000012,-23.948434797574485,-3460.8977777778186
4128609,2018,4264.600000000035,0.0,-4264.600000000035,4264.600000000035,-23.948434797574485,-3460.8977777778186
4128609,2019,2875.5000000000286,0.0,-2875.5000000000286,2875.5000000000286,-23.948434797574485,-3460.8977777778186
4128609,2020,4006.4000000000233,0.0,-4006.4000000000233,4006.4000000000233,-23.948434797574485,-3460.8977777778186
4128609,2021,4060.300000000018,0.0,-4060.300000000018,4060.300000000018,-23.948434797574485,-3460.8977777778186
4128609,2022,1999.2000000000114,0.0,-1999.2000000000114,1999.2000000000114,-23.948434797574485,-3460.8977777778186
4128609,2023,4432.100000000005,0.0,-4432.100000000005,4432.100000000005,-23.948434797574485,-3460.8977777778186
4128609,2024,3908.0,0.0,-3908.0,3908.0,-23.948434797574485,-3460.8977777778186
4103156,2016,3489.200000000033,0.0,-3489.200000000033,3489.200000000033,-23.948434797574485,-3460.8977777778186
4103156,2017,3678.0500000000293,0.0,-3678.0500000000293,3678.0500000000293,-23.948434797574485,-3460.8977777778186
4103156,2018,3866.900000000023,0.0,-3866.900000000023,3866.900000000023,-23.948434797574485,-3460.8977777778186
4103156,2019,2965.750000000022,0.0,-2965.750000000022,2965.750000000022,-23.948434797574485,-3460.8977777778186
4103156,2020,4144.600000000018,0.0,-4144.600000000018,4144.600000000018,-23.948434797574485,-3460.8977777778186
4103156,2021,4033.4500000000116,0.0,-4033.4500000000116,4033.4500000000116,-23.948434797574485,-3460.8977777778186
4103156,2022,1722.3000000000102,0.0,-1722.3000000000102,1722.3000000000102,-23.948434797574485,-3460.8977777778186
4103156,2023,4204.150000000006,0.0,-4204.150000000006,4204.150000000006,-23.948434797574485,-3460.8977777778186
4103156,2024,3900.0,0.0,-3900.0,3900.0,-23.948434797574485,-3460.8977777778186
4106456,2016,3609.8666666666395,0.0,-3609.8666666666395,3609.8666666666395,-23.948434797574485,-3460.8977777778186
4106456,2017,3614.8833333333164,0.0,-3614.8833333333164,3614.8833333333164,-23.948434797574485,-3460.8977777778186
4106456,2018,3739.8999999999796,0.0,-3739.8999999999796,3739.8999999999796,-23.948434797574485,-3460.8977777778186
4106456,2019,3635.916666666657,0.0,-3635.916666666657,3635.916666666657,-23.948434797574485,-3460.8977777778186
4106456,2020,3899.93333333332,0.0,-3899.93333333332,3899.93333333332,-23.948434797574485,-3460.8977777778186
4106456,2021,3853.949999999982,0.0,-3853.949999999982,3853.949999999982,-23.948434797574485,-3460.8977777778186
4106456,2022,3689.96666666666,0.0,-3689.96666666666,3689.96666666666,-23.948434797574485,-3460.8977777778186
4106456,2023,3721.9833333333227,0.0,-3721.9833333333227,3721.9833333333227,-23.948434797574485,-3460.8977777778186
4106456,2024,3500.0,0.0,-3500.0,3500.0,-23.948434797574485,-3460.8977777778186
4118501,2016,3089.400000000074,0.0,-3089.400000000074,3089.400000000074,-23.948434797574485,-3460.8977777778186
4118501,2017,3316.6000000000645,0.0,-3316.6000000000645,3316.6000000000645,-23.948434797574485,-3460.8977777778186
4118501,2018,3518.8000000000534,0.0,-3518.8000000000534,3518.8000000000534,-23.948434797574485,-3460.8977777778186
4118501,2019,2864.000000000051,0.0,-2864.000000000051,2864.000000000051,-23.948434797574485,-3460.8977777778186
4118501,2020,3859.200000000041,0.0,-3859.200000000041,3859.200000000041,-23.948434797574485,-3460.8977777778186
4118501,2021,3613.4000000000306,0.0,-3613.4000000000306,3613.4000000000306,-23.948434797574485,-3460.8977777778186
4118501,2022,1991.6000000000204,0.0,-1991.6000000000204,1991.6000000000204,-23.948434797574485,-3460.8977777778186
4118501,2023,3554.80000000001,0.0,-3554.80000000001,3554.80000000001,-23.948434797574485,-3460.8977777778186
4118501,2024,3487.0,0.0,-3487.0,3487.0,-23.948434797574485,-3460.8977777778186
4126652,2016,3550.466666666682,0.0,-3550.466666666682,3550.466666666682,-23.948434797574485,-3460.8977777778186
4126652,2017,4162.2833333333465,0.0,-4162.2833333333465,4162.2833333333465,-23.948434797574485,-3460.8977777778186
4126652,2018,3411.1000000000136,0.0,-3411.1000000000136,3411.1000000000136,-23.948434797574485,-3460.8977777778186
4126652,2019,3090.9166666666756,0.0,-3090.9166666666756,3090.9166666666756,-23.948434797574485,-3460.8977777778186
4126652,2020,3740.7333333333395,0.0,-3740.7333333333395,3740.7333333333395,-23.948434797574485,-3460.8977777778186
4126652,2021,3730.550000000005,0.0,-3730.550000000005,3730.550000000005,-23.948434797574485,-3460.8977777778186
4126652,2022,3720.3666666666713,0.0,-3720.3666666666713,3720.3666666666713,-23.948434797574485,-3460.8977777778186
4126652,2023,4210.183333333334,0.0,-4210.183333333334,4210.183333333334,-23.948434797574485,-3460.8977777778186
4126652,2024,3200.0,0.0,-3200.0,3200.0,-23.948434797574485,-3460.8977777778186
4127858,2016,3781.2666666667133,0.0,-3781.2666666667133,3781.2666666667133,-23.948434797574485,-3460.8977777778186
4127858,2017,3388.4833333333736,0.0,-3388.4833333333736,3388.4833333333736,-23.948434797574485,-3460.8977777778186
4127858,2018,3818.700000000033,0.0,-3818.700000000033,3818.700000000033,-23.948434797574485,-3460.8977777778186
4127858,2019,3848.9166666667,0.0,-3848.9166666667,3848.9166666667,-23.948434797574485,-3460.8977777778186
4127858,2020,4344.1333333333605,0.0,-4344.1333333333605,4344.1333333333605,-23.948434797574485,-3460.8977777778186
4127858,2021,3579.3500000000204,0.0,-3579.3500000000204,3579.3500000000204,-23.948434797574485,-3460.8977777778186
4127858,2022,3649.56666666668,0.0,-3649.56666666668,3649.56666666668,-23.948434797574485,-3460.8977777778186
4127858,2023,3696.78333333334,0.0,-3696.78333333334,3696.78333333334,-23.948434797574485,-3460.8977777778186
4127858,2024,3702.0,0.0,-3702.0,3702.0,-23.948434797574485,-3460.8977777778186
4115408,2016,2891.200000000128,0.0,-2891.200000000128,2891.200000000128,-23.948434797574485,-3460.8977777778186
4115408,2017,3263.050000000105,0.0,-3263.050000000105,3263.050000000105,-23.948434797574485,-3460.8977777778186
4115408,2018,3496.9000000000956,0.0,-3496.9000000000956,3496.9000000000956,-23.948434797574485,-3460.8977777778186
4115408,2019,2670.7500000000728,0.0,-2670.7500000000728,2670.7500000000728,-23.948434797574485,-3460.8977777778186
4115408,2020,3739.6000000000645,0.0,-3739.6000000000645,3739.6000000000645,-23.948434797574485,-3460.8977777778186
4115408,2021,3778.4500000000407,0.0,-3778.4500000000407,3778.4500000000407,-23.948434797574485,-3460.8977777778186
4115408,2022,1332.300000000032,0.0,-1332.300000000032,1332.300000000032,-23.948434797574485,-3460.8977777778186
4115408,2023,3925.150000000023,0.0,-3925.150000000023,3925.150000000023,-23.948434797574485,-3460.8977777778186
4115408,2024,3200.0,0.0,-3200.0,3200.0,-23.948434797574485,-3460.8977777778186
4124806,2016,3041.3333333334594,0.0,-3041.3333333334594,3041.3333333334594,-23.948434797574485,-3460.8977777778186
4124806,2017,3769.916666666773,0.0,-3769.916666666773,3769.916666666773,-23.948434797574485,-3460.8977777778186
4124806,2018,3611.5000000000946,0.0,-3611.5000000000946,3611.5000000000946,-23.948434797574485,-3460.8977777778186
4124806,2019,3262.083333333409,0.0,-3262.083333333409,3262.083333333409,-23.948434797574485,-3460.8977777778186
4124806,2020,3723.66666666673,0.0,-3723.66666666673,3723.66666666673,-23.948434797574485,-3460.8977777778186
4124806,2021,3144.250000000044,0.0,-3144.250000000044,3144.250000000044,-23.948434797574485,-3460.8977777778186
4124806,2022,1821.8333333333649,0.0,-1821.8333333333649,1821.8333333333649,-23.948434797574485,-3460.8977777778186
4124806,2023,4141.416666666679,0.0,-4141.416666666679,4141.416666666679,-23.948434797574485,-3460.8977777778186
4124806,2024,3687.0,0.0,-3687.0,3687.0,-23.948434797574485,-3460.8977777778186
4128708,2016,2761.6000000002095,0.0,-2761.6000000002095,2761.6000000002095,-23.948434797574485,-3460.8977777778186
4128708,2017,3823.900000000184,0.0,-3823.900000000184,3823.900000000184,-23.948434797574485,-3460.8977777778186
4128708,2018,3921.2000000001576,0.0,-3921.2000000001576,3921.2000000001576,-23.948434797574485,-3460.8977777778186
4128708,2019,3153.500000000131,0.0,-3153.500000000131,3153.500000000131,-23.948434797574485,-3460.8977777778186
4128708,2020,4492.800000000105,0.0,-4492.800000000105,4492.800000000105,-23.948434797574485,-3460.8977777778186
4128708,2021,3606.100000000079,0.0,-3606.100000000079,3606.100000000079,-23.948434797574485,-3460.8977777778186
4128708,2022,1916.4000000000524,0.0,-1916.4000000000524,1916.4000000000524,-23.948434797574485,-3460.8977777778186
4128708,2023,4203.700000000026,0.0,-4203.700000000026,4203.700000000026,-23.948434797574485,-3460.8977777778186
4128708,2024,3366.0,0.0,-3366.0,3366.0,-23.948434797574485,-3460.8977777778186
4104808,2016,3194.333333333416,0.0,-3194.333333333416,3194.333333333416,-23.948434797574485,-3460.8977777778186
4104808,2017,3568.6666666667297,0.0,-3568.6666666667297,3568.6666666667297,-23.948434797574485,-3460.8977777778186
4104808,2018,3146.000000000058,0.0,-3146.000000000058,3146.000000000058,-23.948434797574485,-3460.8977777778186
4104808,2019,2961.3333333333867,0.0,-2961.3333333333867,2961.3333333333867,-23.948434797574485,-3460.8977777778186
4104808,2020,3929.6666666667,0.0,-3929.6666666667,3929.6666666667,-23.948434797574485,-3460.8977777778186
4104808,2021,3322.0000000000286,0.0,-3322.0000000000286,3322.0000000000286,-23.948434797574485,-3460.8977777778186
4104808,2022,2907.3333333333576,0.0,-2907.3333333333576,2907.3333333333576,-23.948434797574485,-3460.8977777778186
4104808,2023,3350.6666666666715,0.0,-3350.6666666666715,3350.6666666666715,-23.948434797574485,-3460.8977777778186
4104808,2024,3387.0,0.0,-3387.0,3387.0,-23.948434797574485,-3460.8977777778186
4107207,2016,3364.8000000000466,0.0,-3364.8000000000466,3364.8000000000466,-23.948434797574485,-3460.8977777778186
4107207,2017,3824.9500000000407,0.0,-3824.9500000000407,3824.9500000000407,-23.948434797574485,-3460.8977777778186
4107207,2018,3707.100000000035,0.0,-3707.100000000035,3707.100000000035,-23.948434797574485,-3460.8977777778186
4107207,2019,3049.2500000000286,0.0,-3049.2500000000286,3049.2500000000286,-23.948434797574485,-3460.8977777778186
4107207,2020,4008.4000000000233,0.0,-4008.4000000000233,4008.4000000000233,-23.948434797574485,-3460.8977777778186
4107207,2021,4165.5500000000175,0.0,-4165.5500000000175,4165.5500000000175,-23.948434797574485,-3460.8977777778186
4107207,2022,1362.7000000000116,0.0,-1362.7000000000116,1362.7000000000116,-23.948434797574485,-3460.8977777778186
4107207,2023,4308.850000000005,0.0,-4308.850000000005,4308.850000000005,-23.948434797574485,-3460.8977777778186
4107207,2024,3895.0,0.0,-3895.0,3895.0,-23.948434797574485,-3460.8977777778186
4104451,2016,3522.2666666666773,0.0,-3522.2666666666773,3522.2666666666773,-23.948434797574485,-3460.8977777778186
4104451,2017,3886.2333333333445,0.0,-3886.2333333333445,3886.2333333333445,-23.948434797574485,-3460.8977777778186
4104451,2018,3768.2000000000116,0.0,-3768.2000000000116,3768.2000000000116,-23.948434797574485,-3460.8977777778186
4104451,2019,3480.166666666679,0.0,-3480.166666666679,3480.166666666679,-23.948434797574485,-3460.8977777778186
4104451,2020,3808.133333333339,0.0,-3808.133333333339,3808.133333333339,-23.948434797574485,-3460.8977777778186
4104451,2021,3084.100000000005,0.0,-3084.100000000005,3084.100000000005,-23.948434797574485,-3460.8977777778186
4104451,2022,3356.066666666672,0.0,-3356.066666666672,3356.066666666672,-23.948434797574485,-3460.8977777778186
4104451,2023,3928.03333333334,0.0,-3928.03333333334,3928.03333333334,-23.948434797574485,-3460.8977777778186
4104451,2024,3796.0,0.0,-3796.0,3796.0,-23.948434797574485,-3460.8977777778186
4104428,2016,3733.666666666694,0.0,-3733.666666666694,3733.666666666694,-23.948434797574485,-3460.8977777778186
4104428,2017,4187.833333333358,0.0,-4187.833333333358,4187.833333333358,-23.948434797574485,-3460.8977777778186
4104428,2018,3861.000000000022,0.0,-3861.000000000022,3861.000000000022,-23.948434797574485,-3460.8977777778186
4104428,2019,3554.166666666679,0.0,-3554.166666666679,3554.166666666679,-23.948434797574485,-3460.8977777778186
4104428,2020,4163.333333333344,0.0,-4163.333333333344,4163.333333333344,-23.948434797574485,-3460.8977777778186
4104428,2021,4000.5000000000077,0.0,-4000.5000000000077,4000.5000000000077,-23.948434797574485,-3460.8977777778186
4104428,2022,3575.6666666666715,0.0,-3575.6666666666715,3575.6666666666715,-23.948434797574485,-3460.8977777778186
4104428,2023,4288.833333333336,0.0,-4288.833333333336,4288.833333333336,-23.948434797574485,-3460.8977777778186
4104428,2024,3689.0,0.0,-3689.0,3689.0,-23.948434797574485,-3460.8977777778186
4109302,2016,3663.666666666686,0.0,-3663.666666666686,3663.666666666686,-23.948434797574485,-3460.8977777778186
4109302,2017,4428.333333333343,0.0,-4428.333333333343,4428.333333333343,-23.948434797574485,-3460.8977777778186
4109302,2018,4206.000000000029,0.0,-4206.000000000029,4206.000000000029,-23.948434797574485,-3460.8977777778186
4109302,2019,3561.666666666686,0.0,-3561.666666666686,3561.666666666686,-23.948434797574485,-3460.8977777778186
4109302,2020,4418.333333333344,0.0,-4418.333333333344,4418.333333333344,-23.948434797574485,-3460.8977777778186
4109302,2021,3723.0000000000286,0.0,-3723.0000000000286,3723.0000000000286,-23.948434797574485,-3460.8977777778186
4109302,2022,3638.666666666686,0.0,-3638.666666666686,3638.666666666686,-23.948434797574485,-3460.8977777778186
4109302,2023,4304.333333333343,0.0,-4304.333333333343,4304.333333333343,-23.948434797574485,-3460.8977777778186
4109302,2024,4000.0,0.0,-4000.0,4000.0,-23.948434797574485,-3460.8977777778186
4121604,2016,2584.5333333335584,0.0,-2584.5333333335584,2584.5333333335584,-23.948434797574485,-3460.8977777778186
4121604,2017,3517.466666666879,0.0,-3517.466666666879,3517.466666666879,-23.948434797574485,-3460.8977777778186
4121604,2018,3586.4000000001683,0.0,-3586.4000000001683,3586.4000000001683,-23.948434797574485,-3460.8977777778186
4121604,2019,3155.3333333334886,0.0,-3155.3333333334886,3155.3333333334886,-23.948434797574485,-3460.8977777778186
4121604,2020,3922.2666666667787,0.0,-3922.2666666667787,3922.2666666667787,-23.948434797574485,-3460.8977777778186
4121604,2021,3681.200000000098,0.0,-3681.200000000098,3681.200000000098,-23.948434797574485,-3460.8977777778186
4121604,2022,1374.1333333333896,0.0,-1374.1333333333896,1374.1333333333896,-23.948434797574485,-3460.8977777778186
4121604,2023,3927.06666666668,0.0,-3927.06666666668,3927.06666666668,-23.948434797574485,-3460.8977777778186
4121604,2024,3252.0,0.0,-3252.0,3252.0,-23.948434797574485,-3460.8977777778186
4114351,2016,2509.8666666669014,0.0,-2509.8666666669014,2509.8666666669014,-23.948434797574485,-3460.8977777778186
4114351,2017,3096.133333333535,0.0,-3096.133333333535,3096.133333333535,-23.948434797574485,-3460.8977777778186
4114351,2018,3182.4000000001683,0.0,-3182.4000000001683,3182.4000000001683,-23.948434797574485,-3460.8977777778186
4114351,2019,2708.6666666668025,0.0,-2708.6666666668025,2708.6666666668025,-23.948434797574485,-3460.8977777778186
4114351,2020,3904.9333333334366,0.0,-3904.9333333334366,3904.9333333334366,-23.948434797574485,-3460.8977777778186
4114351,2021,3541.200000000098,0.0,-3541.200000000098,3541.200000000098,-23.948434797574485,-3460.8977777778186
4114351,2022,817.4666666667326,0.0,-817.4666666667326,817.4666666667326,-23.948434797574485,-3460.8977777778186
4114351,2023,3741.7333333333668,0.0,-3741.7333333333668,3741.7333333333668,-23.948434797574485,-3460.8977777778186
4114351,2024,3000.0,0.0,-3000.0,3000.0,-23.948434797574485,-3460.8977777778186
