point_id,municipio,cluster_id,n_anos,rmse,bias,obs_medio,sim_medio
4120705,Quatiguá,0.0,8.0,192.43343920834243,84.80089865663751,3964.1826521446524,4048.9835508012898
4100608,Alto Paraná,0.0,10.0,258.01045777220014,-26.92395892406744,2416.8909020136243,2389.9669430895565
4126405,Sertaneja,0.0,10.0,332.49145624463597,-221.30610363670866,2539.1004283754683,2317.7943247387598
4100202,Adrianópolis,2.0,3.0,335.5561811398624,169.56803340863704,3444.3479452054794,3613.9159786141167
4120002,Porecatu,0.0,10.0,355.58446026490174,-21.36629803345029,2413.122094967277,2391.7557969338272
4108106,Flórida,0.0,10.0,383.0185543326758,-211.88481300145492,3014.8071861666294,2802.922373165174
4105409,Chopinzinho,1.0,10.0,388.29323175691724,-75.02719224500188,2969.3232406618495,2894.296048416848
4102406,Bandeirantes,0.0,10.0,398.38473717390735,87.61659469217788,2970.6742465753427,3058.2908412675197
4112306,Japira,0.0,10.0,406.83316109676764,-103.41695474028984,3380.642188786586,3277.2252340462956
4128807,Xambrê,3.0,10.0,412.88284065330777,-170.43985314733578,1973.8556579584354,1803.4158048110996
4107009,Curiúva,0.0,10.0,422.31015427696315,-96.6781021367088,3268.0008204206906,3171.3227182839814
4127908,Tuneiras do Oeste,0.0,10.0,429.4179868904585,-2.5317654873068705,2229.742210444957,2227.2104449576495
4118402,Paranavaí,0.0,10.0,429.7372188526579,183.5739984642633,2108.2822976770344,2291.856296141298
4111209,Itapejara d'Oeste,1.0,10.0,437.65008889103467,103.15559430714288,3312.4041506101553,3415.5597449172974
4127809,Tomazina,0.0,10.0,438.96303061623297,89.77416600022138,3622.3572662624306,3712.131432262652
4124103,Santo Antônio da Platina,0.0,10.0,443.7874649463082,-74.9013478343431,3847.1577533247923,3772.2564054904497
4112801,Joaquim Távora,0.0,10.0,446.6399137331082,169.4005830200543,3412.7740848865933,3582.1746679066478
4127403,Terra Roxa,3.0,10.0,449.0754344045817,-30.963290682667843,1797.9212626695212,1766.9579719868536
4121307,Rancho Alegre,0.0,10.0,449.2961186644605,64.61165894554597,2559.760408613526,2624.372067559072
4114351,Manfrinópolis,1.0,10.0,454.9373536065391,-24.591997769644422,2925.9041073933836,2901.312109623739
4104808,Cascavel,1.0,10.0,456.8008379059909,2.4499644591208836,3305.8779828829893,3308.3279473421107
4109302,Guaraniaçu,1.0,10.0,457.3275420052806,-23.700611726919487,3977.7120028944437,3954.0113911675244
4101051,Anahy,3.0,10.0,458.97984417637525,-236.95917405785517,2866.0863570626834,2629.1271830048286
4125357,São Jorge do Patrocínio,3.0,10.0,475.58628876784496,-200.06579114991854,2266.6449792150756,2066.5791880651573
4101101,Andirá,0.0,10.0,476.7909655956403,74.78366978675213,3463.681465678569,3538.4651354653206
4119608,Pitanga,2.0,10.0,477.60450667790724,-177.36057065322763,3955.63921850435,3778.2786478511234
4124301,Santo Antônio do Paraíso,0.0,10.0,481.8190140326497,-173.87487510590836,2891.388516505841,2717.5136413999326
4103404,Cafeara,0.0,10.0,488.8373292537344,-148.5031174767615,2499.9914664271278,2351.4883489503663
4113304,Laranjeiras do Sul,1.0,10.0,488.8469718041375,-167.7471146475463,4070.000647753036,3902.2535331054905
4108320,Francisco Alves,3.0,10.0,493.3556731324071,-183.34983792576378,1563.3601716696426,1380.010333743879
4126900,Tapira,0.0,10.0,493.8157806237607,-114.7979528637212,2535.54163265719,2420.7436797934683
4101705,Araruna,0.0,10.0,501.67543081471956,1.2629291885363727,2931.950535219702,2933.2134644082385
4111506,Ivaiporã,0.0,10.0,506.61179133930415,139.98559146020975,3102.9200868328467,3242.9056782930566
4123501,Santa Helena,3.0,10.0,513.8405369099495,6.730487087869529,2476.061754821996,2482.792241909866
4115101,Mariluz,3.0,10.0,518.6538626393531,0.7267044481923222,2761.8090607581025,2762.535765206295
4120903,Quedas do Iguaçu,1.0,10.0,518.9638261150393,12.053015695431895,3477.4991388577546,3489.552154553187
4106852,Cruzmaltina,0.0,10.0,525.3097903875513,-35.59080126128024,2785.5567258028295,2749.9659245415496
4126801,Tapejara,0.0,4.0,530.3759273849936,-217.5771920965143,2999.5,2781.9228079034856
4119657,Pitangueiras,0.0,10.0,532.7758462107425,-215.69063143799954,3390.3959549867127,3174.7053235487133
4114906,Marilândia do Sul,0.0,10.0,533.4352388456483,8.782529132966692,3794.2518312249476,3803.0343603579154
4100509,Altônia,3.0,10.0,537.3661542062094,-152.06664082953023,2334.169210270288,2182.1025694407576
4104600,Capitão Leônidas Marques,3.0,10.0,538.2564000219905,105.69662835982744,3062.2973637748214,3167.993992134649
4128500,Wenceslau Braz,0.0,10.0,541.3922993813646,-411.75354388308267,3179.7217725878772,2767.968228704795
4116950,Nova Esperança do Sudoeste,1.0,10.0,546.1380641157278,105.45235879114573,3035.17680485076,3140.6291636419055
4117909,Palotina,3.0,10.0,546.341524399356,186.37712213979154,2382.450795019687,2568.827917159479
4121604,Renascença,1.0,10.0,553.759136277713,6.098307458959835,3192.0456738779003,3198.14398133686
4101903,Assaí,0.0,10.0,556.8068244483779,-35.39690728255205,2915.827942211243,2880.4310349286916
4107801,Floraí,0.0,10.0,559.7936026929954,-8.279808275967298,2854.2214237592634,2845.9416154832957
4112702,Jataizinho,0.0,10.0,560.8910421502799,417.13390992626074,2951.2649404895574,3368.3988504158187
4100707,Alto Piquiri,3.0,10.0,563.7143377748743,-158.63432827700612,2909.614054744688,2750.9797264676818
4115606,Matelândia,3.0,10.0,571.731401311599,49.77371774078658,2814.7758862190994,2864.5496039598866
4124020,Santa Tereza do Oeste,1.0,10.0,575.0367972761801,78.3408857777672,3455.5185818300038,3533.859467607771
4107553,Farol,0.0,10.0,575.5079395145445,-293.121669429408,3074.1061905831275,2780.98452115372
4103701,Cambé,0.0,10.0,577.4239561880252,-67.03485601444068,3308.4363111011307,3241.4014550866896
4124905,São João do Caiuá,0.0,9.0,579.7818766552281,-80.11052169812913,1273.6232724504914,1193.5127507523623
4127700,Toledo,3.0,10.0,584.8014085935868,-15.708177172458317,2791.424751952546,2775.7165747800873
4115804,Medianeira,3.0,10.0,586.7984457526219,-96.23628644907976,2627.5515625422,2531.31527609312
4124509,Santo Inácio,0.0,10.0,595.7677442553179,-122.10907808316855,2006.3733977095053,1884.2643196263366
4105102,Centenário do Sul,0.0,10.0,598.7864810485037,-399.41148520330853,2520.7681263567633,2121.356641153455
4124608,São Carlos do Ivaí,0.0,10.0,605.1563404830623,59.065299245468395,2587.0088918831398,2646.074191128608
4128302,Uniflor,0.0,10.0,617.1492276085696,-54.411068568537075,2997.8942864985497,2943.483217930012
4107603,Faxinal,0.0,10.0,618.8951629334664,9.781276585341402,2954.7039299348753,2964.4852065202167
4104402,Cândido de Abreu,2.0,10.0,618.9212652807099,-36.40360390945648,3209.9071459440265,3173.5035420345703
4117453,Ouro Verde do Oeste,3.0,10.0,625.5332197225549,-113.11415283385195,2780.0058889638317,2666.8917361299796
4119004,Pérola d'Oeste,1.0,10.0,627.2405373524631,106.84424283859448,3273.2903765252477,3380.134619363842
4106308,Corbélia,3.0,10.0,628.5525099863924,-107.90344003731252,3566.9096709833902,3459.0062309460773
4100806,Alvorada do Sul,0.0,10.0,630.0454291845438,199.81103386610158,2772.3307792499445,2972.1418131160453
4126256,Sarandi,0.0,10.0,631.1124705487796,-176.0002621956683,2962.2834728149537,2786.283210619286
4125803,São Pedro do Ivaí,0.0,10.0,634.5678490002083,-86.2229729262308,3507.599671632186,3421.376698705955
4123105,Santa Amélia,0.0,10.0,637.7129822448156,-136.48419619600253,2932.7478710483038,2796.2636748523014
4110078,Imbaú,2.0,10.0,644.9754526570389,107.38717682949286,3599.0891809267296,3706.4763577562235
4120655,Quarto Centenário,3.0,10.0,652.4631847955876,378.68762150833027,3309.6569095491823,3688.344531057513
4106605,Cruzeiro do Oeste,0.0,10.0,652.6871663764939,246.81174892771554,2772.62632682087,3019.4380757485856
4125704,São Miguel do Iguaçu,3.0,10.0,655.0164932949316,-276.79010889303896,2240.477219552443,1963.6871106594044
4116059,Missal,3.0,10.0,661.635810020617,-7.664137413265666,2060.362685929643,2052.698548516377
4121406,Realeza,3.0,10.0,664.6510330247237,357.6897219423465,3364.150589016225,3721.8403109585715
4122503,Roncador,0.0,10.0,665.2231071790978,-151.934761226617,3649.492494248601,3497.5577330219844
4110953,Itaipulândia,3.0,10.0,665.7653657967876,-309.8488779014204,1701.0792559324086,1391.230378030988
4128609,Verê,1.0,10.0,670.9984484155094,-117.12354483348857,3656.933596526702,3539.8100516932136
4107538,Entre Rios do Oeste,3.0,10.0,676.7136921382337,173.5848484710741,2539.0231809766806,2712.608029447755
4113809,Lupionópolis,0.0,10.0,681.5714071613602,28.652175161116805,2270.8738618160564,2299.5260369771736
4114609,Marechal Cândido Rondon,3.0,10.0,689.2120985391716,-111.68327897745726,2220.222059635311,2108.5387806578537
4121000,Querência do Norte,0.0,10.0,691.8333839862044,-411.3589184818419,1726.2387264517038,1314.8798079698618
4106506,Coronel Vivida,1.0,10.0,700.3309906878555,-98.68175868784701,3352.8374803503802,3254.1557216625333
4112207,Janiópolis,0.0,10.0,703.7079269041728,-165.32655396105946,3133.4852758440006,2968.158721882941
4102000,Assis Chateaubriand,3.0,10.0,708.5025279445506,-76.0183474098952,2618.9641004067785,2542.945752996883
4126207,Sapopema,0.0,10.0,708.7542541342723,-85.76198768088452,3404.3860548444572,3318.6240671635724
4124400,Santo Antônio do Sudoeste,1.0,10.0,719.1961293515349,-17.445997161088872,3366.975597175485,3349.5296000143962
4118303,Paranapoema,0.0,10.0,727.471725168393,256.3944544078934,2923.6344933004425,3180.028947708336
4107306,Doutor Camargo,0.0,10.0,732.7673028235558,141.62598400445887,3153.676083539187,3295.3020675436464
4111605,Ivatuba,0.0,10.0,735.2572493150084,-12.31712622853056,3305.8186540908746,3293.501527862344
4104055,Campo Bonito,1.0,10.0,737.3956837928437,-107.21179848746453,3407.684278963034,3300.4724804755692
4116109,Moreira Sales,3.0,10.0,740.529640684788,-487.36135967444807,2469.8528223171465,1982.491462642698
4110904,Itaguajé,0.0,10.0,740.6375864964058,78.19687888657862,2601.3004925518376,2679.4973714384164
4117297,Novo Itacolomi,0.0,10.0,761.6575613459593,-163.75569646640716,3443.1831284777318,3279.4274320113245
4107751,Figueira,0.0,10.0,764.3603586058215,-313.95175296321935,3467.752441050977,3153.8006880877574
4122602,Rondon,0.0,10.0,765.2458997507349,-376.7065596859705,2171.984287147288,1795.2777274613177
4120408,Presidente Castelo Branco,0.0,10.0,767.4178741887458,-501.88441664281163,2769.623356938035,2267.7389402952235
4119251,Pinhal de São Bento,1.0,10.0,768.9000650074792,-204.58575881502088,3307.642151857731,3103.0563930427093
4125456,São José das Palmeiras,3.0,10.0,782.0410123415011,303.29878515672306,2317.951866157737,2621.25065131446
4128104,Umuarama,3.0,10.0,782.7814463682258,-204.01001286929062,2242.0974144771394,2038.0874016078487
4128401,Uraí,0.0,10.0,786.7042305069461,-158.12160807516216,2610.0108552038255,2451.889247128663
4115002,Marilena,0.0,10.0,786.7270902809414,223.05328212122694,2150.0653941163846,2373.1186762376115
4117305,Ortigueira,0.0,10.0,788.417504803016,-325.0129643800635,3645.07480210598,3320.061837725916
4125555,São Manoel do Paraná,0.0,10.0,795.7957971220978,-64.18759926971268,2378.6361681763083,2314.448568906596
4123600,Santa Inês,0.0,10.0,795.8935211541431,-682.4887865301131,2034.6471880630766,1352.1584015329636
4112900,Jundiaí do Sul,0.0,10.0,798.3983944122492,-639.2196475777288,3396.2466352271877,2757.0269876494585
4120606,Prudentópolis,2.0,10.0,802.6313245039194,-98.6696872809708,3595.952426479072,3497.282739198102
4110607,Iporã,3.0,10.0,807.8669179221989,-193.60197492558498,2131.418899618306,1937.816924692721
4107504,Engenheiro Beltrão,0.0,10.0,820.2939813006273,-0.3739431168996816,3038.1695336477283,3037.7955905308286
4125407,São José da Boa Vista,0.0,10.0,829.72346838451,-404.8003139627417,3243.768486862897,2838.9681729001554
4128658,Virmond,1.0,10.0,833.0607737724778,-245.33450746047575,4332.066944132546,4086.7324366720704
4105607,Cidade Gaúcha,0.0,10.0,833.5018158789784,-137.1042032434267,2599.882118422038,2462.7779151786112
4108205,Formosa do Oeste,3.0,10.0,847.5583182074377,-555.4078112203615,3582.2517294208546,3026.8439182004936
4111100,Itambé,0.0,10.0,865.0908532110396,257.659624240148,2998.757384534771,3256.4170087749185
4122701,Sabáudia,0.0,10.0,865.7862327687164,-215.24965034865872,3280.770212341321,3065.5205619926624
4106001,Congonhinhas,0.0,10.0,872.773040692819,-479.86305505419466,3082.328362901415,2602.4653078472197
4110300,Inajá,0.0,9.0,882.4041033759413,467.33682472838296,2481.8234298974476,2949.1602546258305
4123808,Santa Izabel do Oeste,3.0,10.0,906.7953131364391,279.97093611826983,3303.470541807078,3583.441477925348
4122404,Rolândia,0.0,10.0,910.37029822794,328.31434274737325,3555.653828380417,3883.968171127789
4122651,Rosário do Ivaí,0.0,10.0,926.7350111929974,-256.8836415435316,2921.5884527284497,2664.7048111849185
4111308,Itaúna do Sul,0.0,10.0,940.7704138998263,-368.0310187662318,2496.390286698106,2128.3592679318745
4112603,Jardim Olinda,0.0,10.0,942.4473106391376,218.2476103713496,2645.3630316640465,2863.6106420353963
4113601,Lobato,0.0,10.0,947.7514371460579,148.83591192867772,3067.6144367093343,3216.4503486380127
4117107,Nova Londrina,0.0,4.0,955.7777058561728,-836.6450750744491,2297.6291139556597,1460.9840388812106
4117404,Ourizona,0.0,10.0,958.4084633386253,-650.7247793011466,2901.6073165157823,2250.8825372146357
4126603,Siqueira Campos,0.0,10.0,958.6434530071995,-250.55542061828837,3791.2545030815686,3540.6990824632803
4105904,Colorado,0.0,10.0,972.8085897641396,-363.9418397606681,2791.2001122838533,2427.2582725231855
4121802,Ribeirão Claro,0.0,10.0,989.4067149015668,-282.06897630070193,3909.0052954063053,3626.9363191056036
4100905,Amaporã,0.0,10.0,991.4089705889078,-25.818987455885757,2544.5904229358484,2518.7714354799627
4103909,Campina da Lagoa,3.0,10.0,1011.8410292651344,-378.4300621148851,3208.839997105625,2830.40993499074
4103479,Cafezal do Sul,3.0,10.0,1023.5916513578344,-333.05588982115705,2261.8491271303433,1928.7932373091858
4111407,Ivaí,2.0,10.0,1027.6775355470845,163.7257301669822,3541.6175003119192,3705.3432304789008
4110409,Indianópolis,0.0,10.0,1032.6428678662505,-117.12307141348656,2431.439426603788,2314.316355190301
4121109,Quinta do Sol,0.0,10.0,1032.7851437280647,-889.4605896593009,2879.960132045876,1990.4995423865748
4110656,Iracema do Oeste,3.0,10.0,1039.8527498537849,-161.74834046694127,2739.0954358860317,2577.3470954190902
4116000,Miraselva,0.0,10.0,1046.4718265887109,-828.5005111962635,2355.6909381441865,1527.190426947923
4101150,Ângulo,0.0,10.0,1054.0460185962768,-815.4834815117387,2962.7608877910025,2147.277406279264
4103602,Cambará,0.0,10.0,1068.4451556540519,823.5118396619891,3362.015457743843,4185.5272974058325
4101853,Ariranha do Ivaí,0.0,10.0,1069.3965098713315,-49.97946696685976,3051.2467984130553,3001.267331446195
4123709,Santa Isabel do Ivaí,0.0,10.0,1077.9470801718146,-7.229719392510583,2403.5875040547435,2396.357784662233
4126355,Serranópolis do Iguaçu,3.0,10.0,1082.066739039649,637.8682971574041,2463.4515423810108,3101.3198395384147
4115200,Maringá,0.0,10.0,1082.288574636427,-338.6240596158219,2891.0905381142334,2552.4664784984116
4120853,Quatro Pontes,3.0,10.0,1088.2640283559433,-296.976008827074,2389.211587993244,2092.2355791661703
4114104,Mandaguaçu,0.0,10.0,1093.7683159376704,479.7051581514108,2933.947077475953,3413.6522356273636
4105300,Céu Azul,3.0,10.0,1097.348982775579,-312.54934737792075,2941.0910631035913,2628.5417157256707
4106571,Cruzeiro do Iguaçu,1.0,10.0,1118.9792012012108,-268.23092395180197,3706.6199272400713,3438.3890032882687
4120200,Porto Rico,0.0,5.0,1124.654350420058,-755.782700830493,2310.4150310653304,1554.6323302348376
4108908,Guairaçá,0.0,3.0,1138.0796006874318,-270.4138561623995,4122.602739726027,3852.1888835636278
4116505,Nova Aliança do Ivaí,0.0,10.0,1152.0144557391804,-1078.3973899752398,2018.0148477182477,939.6174577430077
4101002,Ampére,1.0,10.0,1156.776818072539,-574.0251439962733,3310.3357317165123,2736.310587720239
4105201,Cerro Azul,2.0,10.0,1162.7572674318858,-562.9765925479544,3319.0876151408897,2756.111022592936
4126272,Saudade do Iguaçu,1.0,10.0,1176.7494471984467,56.99757687103606,3701.6446240985983,3758.642200969635
4117057,Nova Laranjeiras,1.0,10.0,1178.0905580873882,-674.6697244444282,3981.3942257154777,3306.7245012710496
4103453,Cafelândia,3.0,10.0,1182.1334999522237,-185.11171304693653,3451.361345809387,3266.2496327624494
4109005,Guapirama,0.0,10.0,1183.6317042167684,-387.0350681088757,3438.782857998353,3051.747789889477
4128625,Alto Paraíso,0.0,9.0,1192.2995430926599,-1152.9374537368774,2009.537419911131,856.599966174254
4103206,Bom Sucesso,0.0,10.0,1203.086651314206,-175.15395890213378,3179.5069017142,3004.3529428120664
4113700,Londrina,0.0,10.0,1212.8301427347146,697.3909374568793,3185.6966239988024,3883.0875614556817
4102802,Bela Vista do Paraíso,0.0,10.0,1217.4895418711521,-1095.54129476565,3123.686997529755,2028.1457027641052
4125308,São Jorge do Ivaí,0.0,10.0,1219.100015697538,-661.4000113986175,3136.4144027747034,2475.0143913760858
4115853,Mercedes,3.0,10.0,1228.9174177887712,-552.2719884748492,2332.5483164908514,1780.276328016002
4115358,Maripá,3.0,10.0,1234.1177508606434,-475.7207786139905,2391.405713102359,1915.684934488368
4107520,Esperança Nova,3.0,10.0,1237.4693753246584,232.2743921005671,2218.638168835791,2450.912560936358
4110003,Iguaraçu,0.0,10.0,1251.971908771577,-853.2323805240521,3063.524792274871,2210.292411750819
4107850,Flor da Serra do Sul,1.0,10.0,1254.2765502961954,-471.2828263773943,3405.352185542877,2934.0693591654826
4107108,Diamante do Norte,0.0,10.0,1257.721098242848,-778.0417410250741,2519.369563590089,1741.3278225650151
4113452,Lindoeste,3.0,10.0,1272.3540856183909,-1078.8785778382394,3173.755191955541,2094.8766141173014
4115754,Mauá da Serra,0.0,10.0,1275.6197839931242,-681.2894996493329,3671.0609476757804,2989.771448026447
4127957,Tupãssi,3.0,10.0,1284.7748170098844,-499.1021513514388,2933.039343962953,2433.9371926115136
4125001,São João do Ivaí,0.0,10.0,1292.1337751220065,296.77588439180806,3026.2271478404914,3323.003032232299
4108809,Guaíra,3.0,10.0,1298.7911359948969,276.7390675823499,2247.4027603863638,2524.141827968714
4107546,Espigão Alto do Iguaçu,1.0,10.0,1300.0123542463173,-1222.5154610133425,4272.1121201687,3049.5966591553583
4106704,Cruzeiro do Sul,0.0,10.0,1301.7471579737262,-854.6304572329016,2757.3670110038174,1902.736553770916
4112405,Japurá,0.0,10.0,1307.3347983720678,-268.49157426499113,2631.7456291638596,2363.2540548988686
4125902,São Pedro do Paraná,0.0,9.0,1310.4977822603455,-273.0657136660502,2523.883565505453,2250.817851839403
4119707,Planaltina do Paraná,0.0,10.0,1312.254387179007,-838.7359964252662,2694.0992890685748,1855.3632926433081
4113429,Lidianópolis,0.0,10.0,1315.4779561393734,-824.6143666064021,3066.523250243282,2241.9088836368796
4107207,Dois Vizinhos,1.0,10.0,1316.7387664799985,-372.04105864406785,3531.7828666816613,3159.741808037593
4126652,Sulina,1.0,10.0,1325.4075443132267,-255.14961052365453,3618.956440052906,3363.8068295292514
4116901,Nova Esperança,0.0,10.0,1332.3164525115108,-310.175976146268,2890.2452766425254,2580.0693004962573
4121901,Ribeirão do Pinhal,0.0,10.0,1336.0301699667455,891.6814031621855,3172.77285146098,4064.4542546231655
4111001,Itambaracá,0.0,10.0,1347.8761430167087,-1104.6886351414555,2829.3491294258556,1724.6604942843994
4109906,Icaraíma,0.0,10.0,1347.9182020911956,381.4920053735348,2230.339031364623,2611.8310367381578
4113106,Kaloré,0.0,10.0,1351.2272253119943,302.6727090109963,2973.919188562018,3276.5918975730146
4121257,Ramilândia,3.0,10.0,1374.980612381732,-479.74430195743554,2767.7927067395954,2288.048404782159
4122800,Salgado Filho,1.0,10.0,1375.294496826403,-452.9502070316092,3152.5988327470327,2699.648625715424
4128559,Vera Cruz do Oeste,3.0,10.0,1397.1309471973027,-398.4772947731153,3097.6458137086897,2699.168518935575
4102604,Barracão,1.0,10.0,1398.2899845832333,-447.235606457947,3547.4429802630475,3100.2073738051004
4120507,Primeiro de Maio,0.0,10.0,1414.9794810431106,-378.5894610675297,3464.680056591037,3086.0905955235075
4126108,São Tomé,0.0,10.0,1426.0929254196199,-1241.737207102248,2532.040140529529,1290.3029334272808
4113502,Loanda,0.0,10.0,1441.6204413402777,66.63708917182416,2966.176511714949,3032.8136008867723
4103024,Boa Esperança do Iguaçu,1.0,10.0,1446.9492086445503,764.2321022934406,3268.162638221468,4032.3947405149092
4115903,Mirador,0.0,10.0,1468.1455190527274,-1361.9788051336723,2669.4495423310623,1307.4707371973898
4111902,Jaguapitã,0.0,10.0,1474.5148194434714,204.22063090153517,2898.9556104498843,3103.1762413514193
4111803,Jacarezinho,0.0,10.0,1481.4068834021527,38.41908698900911,3716.2428669810615,3754.6619539700705
4115408,Marmeleiro,1.0,10.0,1510.3570512753813,32.816892786576545,3134.370336402488,3167.1872291890645
4127106,Telêmaco Borba,2.0,10.0,1525.7288397677157,-226.0038778070299,3643.2444275769362,3417.2405497699065
4116307,Munhoz de Melo,0.0,10.0,1549.832809893488,228.75608374574077,3096.589481248672,3325.3455649944126
4101408,Apucarana,0.0,10.0,1551.6954849125618,440.50933443629674,3390.025353694139,3830.534688130436
4113734,Luiziana,0.0,10.0,1561.9917929187238,-568.548813942172,3501.3082191780823,2932.75940523591
4118501,Pato Branco,1.0,10.0,1582.9031558700187,-1028.428310028476,3258.4659591287154,2230.0376491002394
4117214,Nova Santa Bárbara,0.0,10.0,1584.5643714659818,1167.493104806023,2899.69900870832,4067.1921135143434
4103222,Bom Sucesso do Sul,1.0,10.0,1605.2050021697607,-651.0749071737486,3682.0681319460514,3030.993224772302
4104303,Campo Mourão,0.0,10.0,1654.8102534407296,-563.1115026787496,3426.0987349352495,2862.9872322564997
4119806,Planalto,3.0,10.0,1661.5234301695803,-822.480745005382,3213.8645407590825,2391.3837957537007
4109104,Guaporema,0.0,10.0,1676.596912563156,155.64957585992252,2770.18526835841,2925.834844218333
4126678,Tamarana,0.0,10.0,1677.326637114624,-713.8906385067748,3580.4773770491934,2866.5867385424185
4113007,Jussara,0.0,10.0,1687.898107404251,-1624.068947600426,2561.433512987499,937.3645653870728
4113254,Laranjal,3.0,10.0,1691.610881883281,139.30001812257632,2823.7821333932634,2963.0821515158395
4115739,Mato Rico,0.0,10.0,1731.7731022198707,-981.6713703250716,3075.5218382614303,2093.8504679363587
4104501,Capanema,3.0,10.0,1764.0470241313506,-1027.8429539610763,3191.327141951808,2163.4841879907312
4108601,Goioerê,3.0,10.0,1772.2954144816263,361.9130209597691,3012.7663769244964,3374.679397884265
4117271,Nova Tebas,0.0,10.0,1791.6894029355344,404.90831340357886,3488.914882351493,3893.8231957550715
4125753,São Pedro do Iguaçu,3.0,10.0,1830.3855357277484,538.7924317060698,2855.3703267211254,3394.1627584271946
4112504,Jardim Alegre,0.0,10.0,1849.5115591327697,645.3181169977933,3126.220086832847,3771.53820383064
4106555,Corumbataí do Sul,0.0,10.0,1859.574217305215,-1235.804084384075,2907.0077850138487,1671.2037006297735
4107900,Floresta,0.0,10.0,1860.6214574699102,1024.088339165753,3135.7564862639424,4159.8448254296945
4123204,Santa Cecília do Pavão,0.0,10.0,1874.822169960879,-1152.5037383430695,2922.3092141628154,1769.805475819746
4127205,Terra Boa,0.0,10.0,1884.3237765830245,1644.804396796432,2343.6254591911447,3988.4298559875765
4114203,Mandaguari,0.0,10.0,1888.2108950591194,1482.801843392851,2797.6628200714927,4280.464663464343
4118808,Peabiru,0.0,10.0,1889.9854191815227,-421.14015116665587,3000.4058261846785,2579.265675018022
4106100,Conselheiro Mairinck,0.0,10.0,1917.9094536584716,-1708.554391446498,3513.2683434388805,1804.7139519923821
4126702,Tamboara,0.0,10.0,1954.34763618088,1646.8687558148401,2990.231064001832,4637.099819816672
4112751,Jesuítas,3.0,10.0,1960.3008450521968,1074.664337743583,2959.4468054995036,4034.1111432430866
4124202,Santo Antônio do Caiuá,0.0,9.0,1961.0791947243222,1206.4896772178206,3323.4698531715694,4529.95953038939
4114500,Manoel Ribas,0.0,10.0,1980.3225829715082,-991.0568746580695,3922.6294097861114,2931.572535128042
4122909,Salto do Itararé,0.0,10.0,1998.1551452663603,964.4718201892085,3932.83454849411,4897.3063686833175
4121703,Reserva,2.0,10.0,2054.802421162321,719.939780347074,3476.6660389750004,4196.605819322076
4122156,Rio Bonito do Iguaçu,1.0,10.0,2082.5109683794035,1679.7893891324652,3827.1737042193818,5506.963093351847
4118105,Paranacity,0.0,10.0,2159.521667169391,1185.2029596751704,2171.200672206098,3356.4036318812678
4104709,Carlópolis,0.0,10.0,2161.6623706474547,-1221.0812615065672,3598.306590313646,2377.2253288070788
4102752,Bela Vista da Caroba,1.0,10.0,2163.138710107368,-1386.8128061773066,2940.9949541134047,1554.1821479360976
4127304,Terra Rica,0.0,10.0,2176.941159484045,1712.2632452069513,2162.5609573571633,3874.824202564115
4107702,Fênix,0.0,10.0,2190.8830441292935,-1116.402700748687,3247.3798188487162,2130.9771181000297
4118451,Pato Bragado,3.0,10.0,2227.7049060623394,-1897.7140464989982,2341.380937096187,443.66689059718885
4124707,São Jerônimo da Serra,0.0,10.0,2237.2032102505527,1582.137176776936,2939.317768695346,4521.454945472282
4108700,Grandes Rios,0.0,10.0,2264.173122473913,-2001.2562708385485,2432.8492402125908,431.59296937404224
4107405,Enéas Marques,1.0,10.0,2281.1086666100778,401.1307559135593,3088.624350225895,3489.755106139454
4103503,Califórnia,0.0,10.0,2308.995196892645,-1490.0125253041756,3442.8097162961303,1952.7971909919543
4103370,Brasilândia do Sul,3.0,10.0,2342.7195505797577,-2280.372684875592,2451.5110849615094,171.13840008591694
4126009,São Sebastião da Amoreira,0.0,10.0,2395.682395766337,1039.233162326848,2911.748778301838,3950.9819406286856
4109807,Ibiporã,0.0,10.0,2420.9085524980715,2110.3866465692395,3281.844382064526,5392.231028633765
4123907,Santa Mariana,0.0,10.0,2439.938277868519,1436.5093131275726,2496.186655887527,3932.6959690151
4124806,São João,1.0,10.0,2475.339426298048,893.0602023518228,3356.9614636824726,4250.021666034296
4116406,Nossa Senhora das Graças,0.0,10.0,2499.945866791224,-2486.5537160965787,2486.5537160965787,0.0
4102109,Astorga,0.0,10.0,2541.0043676465693,1160.0031819624232,3202.1177992364696,4362.120981198892
4117255,Nova Prata do Iguaçu,3.0,10.0,2551.9459881509324,-1923.989917279075,3334.8501468673553,1410.8602295882802
4117222,Nova Santa Rosa,3.0,10.0,2562.9262082374726,-2487.3027070888993,2487.3027070888993,0.0
4111555,Ivaté,0.0,10.0,2594.742365328365,-2549.394495096939,2549.394495096939,0.0
4104451,Cantagalo,1.0,10.0,2621.5979278575205,-2111.260664553607,3628.9954202160907,1517.734755662484
4107157,Diamante D'Oeste,3.0,10.0,2644.467890556244,-2606.638460962731,2606.638460962731,0.0
4108551,Godoy Moreira,0.0,10.0,2675.341528427997,2129.7319002323256,3073.8889467774534,5203.62084700978
4109708,Ibaiti,0.0,10.0,2678.527421995194,-2249.465471173441,3088.4168530578636,838.9513818844229
4118006,Paraíso do Norte,0.0,10.0,2681.956941925795,2027.391201118456,3033.7988681787688,5061.190069297225
4120333,Prado Ferreira,0.0,10.0,2687.4588047672114,-2603.8362198816935,2815.3928876912914,211.55666780959754
4120358,Pranchita,1.0,10.0,2757.471187288199,1211.407219027835,3350.394872769968,4561.802091797804
4110052,Iguatu,3.0,10.0,2787.325738070982,1246.0406270434014,3466.8021436734475,4712.8427707168485
4116604,Nova América da Colina,0.0,10.0,2795.339329183905,-2769.7804453427975,2769.7804453427975,0.0
4122172,Rio Branco do Ivaí,0.0,10.0,2795.4323516350432,2386.7378220010737,2778.775470319626,5165.5132923207
4114807,Marialva,0.0,10.0,2795.71010298453,-2772.5885171047003,2772.5885171047003,0.0
4123006,Salto do Lontra,1.0,10.0,2802.378817178049,307.61653932293314,3411.1886418644563,3718.8051811873897
4124053,Santa Terezinha de Itaipu,3.0,10.0,2838.1391782766796,-2782.4550480326184,2782.4550480326184,0.0
4124004,Santana do Itararé,0.0,10.0,2853.0377738167927,-2317.573162401176,3314.502884946423,996.9297225452472
4128005,Ubiratã,3.0,10.0,2895.2776694511217,-2717.9768019429694,2987.7741541533132,269.79735221034406
4107124,Diamante do Sul,3.0,10.0,2900.2310810786,-2216.3969626858307,3699.283282680827,1482.886319994996
4113403,Leópolis,0.0,10.0,2911.123666829538,-2883.3941163260724,2883.3941163260724,0.0
4102505,Barbosa Ferraz,0.0,10.0,2974.125829229821,-2940.1552002395388,2940.1552002395388,0.0
4125209,São Jorge d'Oeste,1.0,10.0,3021.1065133117218,-2987.829849938921,2987.829849938921,0.0
4120150,Porto Barreiro,1.0,10.0,3030.227991600878,-2400.352639857577,3890.2144727399873,1489.8618328824105
4128534,Ventania,0.0,10.0,3046.3967714997257,2215.99509677101,3711.634694712676,5927.629791483686
4111704,Jaboti,0.0,10.0,3080.4125080596627,-2805.8669617976097,3433.600868328468,627.733906530858
4117800,Palmital,3.0,10.0,3118.032399962814,-2785.9013401881293,3482.826511964474,696.9251717763442
4101655,Arapuã,0.0,10.0,3119.7932958158904,-3083.5624986900216,3083.5624986900216,0.0
4123956,Santa Mônica,0.0,10.0,3147.1306855780695,2362.609243214284,2494.8315417821127,4857.440784996396
4110805,Iretama,0.0,10.0,3170.5510483647695,-3147.1980387753574,3147.1980387753574,0.0
4112959,Juranda,3.0,10.0,3180.5771981363273,-3162.6916016668224,3162.6916016668224,0.0
4108403,Francisco Beltrão,1.0,10.0,3201.330448388995,-3177.2474233830235,3304.1352991491976,126.88787576617457
4115457,Marquinho,1.0,10.0,3204.773376482559,-3119.6834525621375,3352.4165401602104,232.73308759807304
4117008,Nova Fátima,0.0,10.0,3215.87488922829,39.25321958804034,2858.3246225017506,2897.5778420897905
4122107,Rio Bom,0.0,10.0,3353.07750103425,-3111.651752892645,3757.1599980039073,645.5082451112618
4102208,Atalaia,0.0,10.0,3380.1517730747873,1594.3677556714422,2913.513225540834,4507.880981212276
4105003,Catanduvas,1.0,10.0,3411.1088726409635,-3337.6236140718875,3561.9581198193787,224.33450574749196
4115507,Marumbi,0.0,10.0,3416.5314456633587,-3382.3744274273313,3382.3744274273313,0.0
4102703,Barra do Jacaré,0.0,10.0,3431.121649251513,-3415.000953664197,3415.000953664197,0.0
4116802,Nova Cantu,3.0,10.0,3479.183334416042,-3465.1143516730954,3465.1143516730954,0.0
4103008,Boa Esperança,0.0,10.0,3481.8943387926392,-3466.9282431319707,3466.9282431319707,0.0
4106407,Cornélio Procópio,0.0,10.0,3497.682041349507,2960.8527168415476,2923.9472265888166,5884.799943430365
4103156,Bom Jesus do Sul,1.0,10.0,3591.425881261424,-3570.058119919173,3570.058119919173,0.0
4127502,Tibagi,2.0,10.0,3621.9098029405613,3193.054377057476,3945.3296637972126,7138.384040854689
4119202,Pinhalão,0.0,10.0,3630.378114032696,-3623.3438205454777,3623.3438205454777,0.0
4101606,Arapoti,0.0,10.0,3768.124626867776,-3763.4658073209075,3763.4658073209075,0.0
4109757,Ibema,1.0,10.0,3983.320053651059,3055.898162701417,3290.507512538371,6346.405675239787
4103354,Braganey,3.0,10.0,4033.409214824666,3210.2338891567606,3120.4461400804007,6330.680029237162
4100103,Abatiá,0.0,10.0,4320.099288360556,1791.8720113767056,3247.6516790178907,5039.523690394596
4103057,Boa Vista da Aparecida,3.0,10.0,4446.662559434693,3244.4212501819648,3392.940247922795,6637.36149810476
4127858,Três Barras do Paraná,1.0,10.0,4460.769420280172,2437.2911407853035,3755.2101952741214,6192.501336059425
4114005,Mamborê,0.0,10.0,4665.499316091123,4120.592650063157,3563.6453089802294,7684.237959043387
4116703,Nova Aurora,3.0,10.0,4868.868089190828,3836.656072851406,2928.989837562757,6765.645910414163
4112108,Jandaia do Sul,0.0,10.0,5023.0939364361675,4290.376829486353,3133.2291788307507,7423.606008317105
4123402,Santa Fé,0.0,10.0,5070.986938383511,4764.337023891452,2414.2605928588505,7178.597616750301
4117206,Nova Olímpia,0.0,9.0,5122.135988975267,4418.166054992352,2686.6627905171053,7104.828845509457
4118857,Perobal,3.0,10.0,5340.361437305946,4727.787759184113,2361.3864422986103,7089.174201482723
4114708,Maria Helena,3.0,10.0,6001.852073289513,5318.325100958449,2821.808644659053,8140.133745617502
4101507,Arapongas,0.0,10.0,6147.327070603527,5722.965829749469,3265.1152780896773,8988.081107839145
4103800,Cambira,0.0,10.0,6429.797744981905,5993.729049456164,3291.0915337974393,9284.820583253604
4107256,Douradina,0.0,10.0,7425.248263487381,6661.509326708506,2784.5903735309525,9446.099700239458
4128708,Vitorino,1.0,10.0,7436.446858451323,6924.1439340892075,3431.124197320263,10355.26813140947
4100459,Altamira do Paraná,3.0,10.0,7513.534030964561,6513.1421868982325,3228.7811766350474,9741.92336353328
4123824,Santa Lúcia,3.0,10.0,8466.615280030246,6290.2699968182405,3530.6546077800645,9820.924604598305
4105508,Cianorte,0.0,10.0,9645.22311379077,8978.367716228491,2439.1037517778277,11417.471468006319
4123303,Santa Cruz de Monte Castelo,0.0,10.0,12674.353705760988,11808.342136655801,1919.6769079522696,13728.01904460807
4121356,Rancho Alegre D'Oeste,3.0,10.0,13065.683423372404,8474.334626896936,3266.371003717898,11740.705630614833
4118907,Pérola,3.0,10.0,14381.94936588334,13648.75648833124,2343.3562501509077,15992.11273848215
4113759,Lunardelli,0.0,10.0,15433.057274548037,14514.849996569896,2341.805008957993,16856.655005527886
4109203,Guaraci,0.0,10.0,17899.695358448236,17360.60295327566,2528.7746088779104,19889.37756215357
4117503,Paiçandu,0.0,10.0,23403.08799779322,22794.608200320803,3157.0213239514287,25951.629524272234
4103305,Borrazópolis,0.0,10.0,30146.626561630892,29535.037965879183,2955.664031738902,32490.701997618085
4108007,Florestópolis,0.0,10.0,41075.89831248848,39836.69442566702,2893.0942450782245,42729.78867074524
4108304,Foz do Iguaçu,3.0,10.0,177256.57873703184,175974.24491848735,2191.551236769266,178165.79615525663
4126504,Sertanópolis,0.0,5.0,394828.7144513271,388572.16795979685,2783.6016566609665,391355.7696164578
